Neighborhood,Longitude,Latitude,Borough_code,mean_2019,predicted_from_neighbors,historic_est,predicted_from_sales,predicted_rt,imputed,rent_quant
Allerton,-38.40638032255893,28.19702647399722,0,,1554.5277777777776,,,1545.9241382074717,1545.9241382074717,0
Alley Pond Park,-38.34866632748293,28.118308163342444,3,,1819.8611111111113,,,1771.3927831890333,1771.3927831890333,2
Arden Heights,-38.57437636000003,27.98200818605862,4,,1889.324074074074,,,1914.7180928330927,1914.7180928330927,3
Arlington,-38.562912401536444,28.043570465966503,4,,1665.229797979798,,,1711.988332090749,1711.988332090749,1
Arrochar,-38.51813027229803,28.008767831890463,4,,1658.027777777778,,,1711.988332090749,1711.988332090749,1
Arverne,-38.374293323150404,28.010295912874163,3,,1827.280303030303,,,1771.3927831890333,1771.3927831890333,2
Astoria,-38.43812182312745,28.12840635801928,3,1957.6666666666667,2323.0833333333335,2119.021324928043,2045.4231450504562,2181.653402692986,1957.6666666666667,3
Bath Beach,-38.48344365744891,28.016318891926936,1,1614.0,1596.45202020202,1579.7702863673017,2124.705797341528,1595.1466708754206,1614.0,0
Battery Park City,-38.48826346202371,28.0896229773226,2,3987.5,4327.916666666667,3688.0861397428575,3575.7695513427525,4111.152108555025,3987.5,4
Bay Ridge,-38.49466515718968,28.03474908311788,1,1698.4166666666667,1637.7575757575758,1815.7090353657532,1855.9788894636908,1693.768918751002,1698.4166666666667,1
Bay Terrace,-38.367188923797336,28.141831744930258,3,,1736.527777777778,,,1735.2590816498318,1735.2590816498318,1
"Bay Terrace, Staten Island",-38.55187001231686,27.985314289898135,4,,1889.324074074074,,,1914.7180928330927,1914.7180928330927,3
Baychester,-38.39751650348271,28.200540032514755,0,,1593.3333333333333,,,1599.9447558922557,1599.9447558922557,0
Bayside,-38.35937250048461,28.123494340043873,3,1871.9166666666667,1819.8611111111113,1869.7717735751326,1937.2163089075198,1778.1284080888252,1871.9166666666667,2
Bayswater,-38.35888095650373,28.021985757924934,3,,1813.8636363636363,,,1739.0006619769122,1739.0006619769122,2
Bedford-Stuyvesant,-38.44551832533369,28.07503567500017,1,2221.75,2243.1666666666665,2060.5768804835984,2273.7994143836204,2203.694791581875,2221.75,3
Belle Harbor,-38.40290379970506,27.99734919084404,3,,1751.7777777777776,,,1734.8021133958634,1734.8021133958634,1
Bellerose,-38.33890060125616,28.109443177134494,3,,1819.8611111111113,,,1771.3927831890333,1771.3927831890333,2
Belmont,-38.42221765820479,28.189052666336618,0,1548.0,1562.0833333333333,1634.698709430053,,1560.519241622575,1548.0,0
Bensonhurst,-38.476025812555086,28.02318443608239,1,1584.0833333333333,1599.6464646464647,1660.6065581149815,2391.5060100624173,1595.1466708754206,1584.0833333333333,0
Bergen Beach,-38.4301534195229,28.027426965791623,1,,1705.861111111111,,,1740.6819387926892,1740.6819387926892,2
Bloomfield,-38.576537033773945,28.02607008961705,4,,1634.5631313131314,,,1666.585380190797,1666.585380190797,0
Boerum Hill,-38.47236873999997,28.07363443248031,1,2735.8333333333335,2988.8333333333335,2807.7115606182783,2874.077912628143,2793.140754769921,2735.8333333333335,4
Borough Park,-38.47623871568597,28.03371337013304,1,1623.5833333333333,1667.8333333333333,1680.401038560741,2496.732923854819,1685.1302897627065,1623.5833333333333,0
Breezy Point,-38.42888298428566,27.98543785512025,3,,1751.7777777777776,,,1734.8021133958634,1734.8021133958634,1
Briarwood,-38.38348641790391,28.090023037368713,3,1710.0,1773.25,1810.3773011870037,1701.1475599591058,1754.4448577040243,1710.0,1
Brighton Beach,-38.46312509274489,27.99874153059082,1,1895.0833333333333,1905.2129629629628,1914.4499397610282,1654.9090989942129,1931.6260782581614,1895.0833333333333,2
Broad Channel,-38.384686738644845,28.021021034450616,3,,1673.361111111111,,,1722.0313104858108,1722.0313104858108,1
Bronx Park,-38.41555409076404,28.19342384700449,0,,1548.2777777777776,,,1545.9241382074717,1545.9241382074717,0
Bronxdale,-38.40884747051301,28.18921778115176,0,,1574.3333333333333,,,1595.5858525733524,1595.5858525733524,0
Brooklyn Heights,-38.47855828952489,28.08060854904214,1,3299.25,3176.638888888889,3012.789843446561,2425.169725223842,3148.6395334295335,3299.25,4
Brownsville,-38.434466234483835,28.05774085384419,1,1588.5,1805.0833333333333,1581.8223187663493,1794.3251968562822,1689.0783910533912,1588.5,0
Bull's Head,-38.56299330000003,28.017473888423886,4,,1634.5631313131314,,,1666.585380190797,1666.585380190797,0
Bushwick,-38.439109412937185,28.07938109834994,1,2430.0833333333335,2191.2500000000005,2260.17873233545,2163.689286587256,2179.113680470764,2430.0833333333335,4
Cambria Heights,-38.343768808650054,28.07796416888421,3,,1830.530303030303,,,1908.3303980278981,1908.3303980278981,3
Canarsie,-38.42799976824626,28.041562419627805,1,1660.0,1665.861111111111,1469.397418860106,1783.2669554904257,1696.4037266313935,1660.0,0
Carroll Gardens,-38.47806402105953,28.068728384999996,1,2673.1666666666665,2793.805555555555,2721.8824360391536,2858.7197392726516,2705.7067504409174,2673.1666666666665,4
Castle Hill,-38.40122812822848,28.165008573401213,0,1550.0,1533.5,1629.5704830051855,1691.510448419102,1543.4051988135323,1550.0,0
Castleton Corners,-38.54366567999997,28.026269579999997,4,,1634.5631313131314,,,1666.585380190797,1666.585380190797,0
Central Park,-38.46205098432673,28.13985836453841,2,,3096.4166666666665,,,3101.8759553872055,3101.8759553872055,4
Charleston,-38.60096334571285,27.97396494223749,4,,1889.324074074074,,,1914.7180928330927,1914.7180928330927,3
Chelsea,-38.48002107007866,28.11486523522689,2,4273.083333333333,4049.5277777777774,3941.752806409524,3483.551203998032,4111.152108555025,4273.083333333333,4
"Chelsea, Staten Island",-38.57985877811571,28.006936468460683,4,,1658.027777777778,,,1711.988332090749,1711.988332090749,1
Chinatown,-38.47809888,28.094080620043034,2,2343.3333333333335,2812.8611111111113,2632.829525986244,3931.140826895874,2731.1023853615525,2343.3333333333335,4
City Island,-38.36888465886643,28.188955310165497,0,,1593.3333333333333,,,1599.9447558922557,1599.9447558922557,0
Civic Center,-38.48165984,28.09289425500011,2,,3346.1388888888887,,,3973.7786958566126,3973.7786958566126,4
Claremont Village,-38.431233491529774,28.178688855000193,0,,1609.8242424242424,,,1651.7954559483728,1651.7954559483728,0
Clason Point,-38.409975591266445,28.161181299534746,0,,1533.5,,,1545.9241382074717,1545.9241382074717,0
Clifton,-38.52033027185797,28.0278949291048,4,,1634.5631313131314,,,1666.585380190797,1666.585380190797,0
Clinton Hill,-38.46154272048579,28.075416555000054,1,2722.0,2791.1111111111113,2584.465769372487,2253.7816414050003,2855.301005291006,2722.0,4
Co-op City,-38.39000608161076,28.201884328516904,0,,1593.3333333333333,,,1599.9447558922557,1599.9447558922557,0
Cobble Hill,-38.47764076,28.074484383242908,1,2777.0833333333335,2728.694444444445,2864.246633570018,2978.2697483916136,2724.961710758377,2777.0833333333335,4
College Point,-38.39783451458291,28.139430074214633,3,,1742.388888888889,,,1734.8021133958634,1734.8021133958634,1
Columbia St,-38.48364476646284,28.073420664874323,1,,2635.527777777778,,,2775.821402116402,2775.821402116402,4
Concord,-38.52108051999999,28.01582608500009,4,,1634.5631313131314,,,1666.585380190797,1666.585380190797,0
Concourse,-38.440588775735,28.171644645000164,0,1608.0,1814.2333333333333,1620.494003041299,1626.4147523165957,1706.1530960798461,1608.0,0
Concourse Village,-38.4369394129463,28.170836398920006,0,,1814.2333333333333,,,1739.0006619769122,1739.0006619769122,2
Coney Island,-38.47598181217762,27.99775049809792,1,2158.8888888888887,1905.2129629629628,2014.7006120621802,1524.28262958932,1931.6260782581614,2158.8888888888887,3
Corona,-38.406469485711824,28.112857538891365,3,1889.5,1873.777777777778,1816.127361434932,1916.779848030274,1882.4096450617285,1889.5,2
Country Club,-38.38583416674157,28.180486995000056,0,,1616.6666666666667,,,1651.7954559483728,1651.7954559483728,0
Crotona Park,-38.42529785304547,28.17891859651498,0,,1562.0833333333333,,,1563.0381810165143,1563.0381810165143,0
Crown Heights,-38.446844075611864,28.06379123356,1,2077.6666666666665,1962.6388888888887,2042.7620656687836,2141.5306461773403,1966.420665800249,2077.6666666666665,3
Cunningham Park,-38.358304507945604,28.106416466983216,3,,1819.8611111111113,,,1771.3927831890333,1771.3927831890333,2
Cypress Hills,-38.420045661387114,28.07134006617083,1,,1728.25,,,1735.2590816498318,1735.2590816498318,1
DUMBO,-38.474794921432526,28.085290751653222,1,4107.833333333333,3620.222222222222,3825.4194730761906,2993.714753833897,4098.976711729628,4107.833333333333,4
Ditmars Steinway,-38.432336100165074,28.137351470354748,3,,1972.25,,,1987.244138022471,1987.244138022471,3
Dongan Hills,-38.52783734877716,28.002185802085197,4,,1811.5185185185185,,,1739.0006619769122,1739.0006619769122,2
Douglaston,-38.34701437331549,28.126374926159677,3,,1819.8611111111113,1798.493547150265,,1803.1136960076963,1803.1136960076963,2
Downtown Brooklyn,-38.47269151689459,28.079258975205903,1,3453.5833333333335,3162.888888888889,3156.086139742858,2167.2109523439594,3172.2650889850893,3453.5833333333335,4
Dyker Heights,-38.486243570907256,28.027035190500566,1,1591.2727272727273,1596.45202020202,1634.4561639263145,2362.2217596939427,1595.1466708754206,1591.2727272727273,0
East Elmhurst,-38.41713248402041,28.12663767,3,,1821.0,,,1771.3927831890333,1771.3927831890333,2
East Flatbush,-38.443958140718344,28.047676315403223,1,1749.0833333333333,1894.0,1650.3065941162968,1791.778916861314,1879.6847050017882,1749.0833333333333,2
East Harlem,-38.45001208267427,28.15279933333137,2,2108.0833333333335,2450.4166666666665,2281.0398434465615,2776.7591988978656,2203.694791581875,2108.0833333333335,3
East Morrisania,-38.42102004000004,28.175490360000115,0,,1550.1666666666667,,,1545.9241382074717,1545.9241382074717,0
East New York,-38.417381499174695,28.054252157057622,1,1735.5833333333333,1661.361111111111,1621.3183505123811,1778.4782036484085,1694.4437013788681,1735.5833333333333,1
East Village,-38.47076582762571,28.10141287033675,2,2874.5833333333335,3056.9166666666665,2961.1879915947093,3147.7188261663723,2874.046028138528,2874.5833333333335,4
Eastchester,-38.38569700522989,28.209816502270403,0,,1600.0,,,1599.9447558922557,1599.9447558922557,0
Edenwald,-38.39721165930299,28.21177170950222,0,,1561.1944444444443,,,1555.3709802388971,1555.3709802388971,0
Edgemere,-38.363756610017255,28.013104576564334,3,,1827.280303030303,,,1771.3927831890333,1771.3927831890333,2
Ellis Island,-38.50116008967132,28.08208354278748,2,,3778.555555555555,,,4130.060045062962,4130.060045062962,4
Elmhurst,-38.41652990853109,28.107559525473807,3,1850.0,1795.9166666666667,2045.0751407505147,1859.9082453334083,1790.1467502405003,1850.0,2
Eltingville,-38.56082583058306,27.977300224433456,4,,1889.324074074074,,,1914.7180928330927,1914.7180928330927,3
Emerson Hill,-38.54821698,28.01708741479611,4,,1634.5631313131314,,,1666.585380190797,1666.585380190797,0
Far Rockaway,-38.35113316935858,28.015098602826086,3,,1813.8636363636363,,,1739.0006619769122,1739.0006619769122,2
Ferry Point Park,-38.39254291119865,28.161225505621402,0,,1576.8333333333333,,,1595.5858525733524,1595.5858525733524,0
Fieldston,-38.429177985913896,28.216047179398398,0,,1721.8333333333333,,,1745.6726332371336,1745.6726332371336,2
Financial District,-38.484067504792066,28.087645137230407,2,4048.9166666666665,4327.916666666667,3925.937991594709,3102.9225655356768,4130.060045062962,4048.9166666666665,4
Flatbush,-38.458576810170676,28.042944953851876,1,1855.25,1786.5277777777776,1724.6879915947095,1849.5138420628202,1704.9541325957991,1855.25,2
Flatiron District,-38.47417405468313,28.11166039887463,2,,4049.5277777777774,,,4130.060045062962,4130.060045062962,4
Flatlands,-38.44473386,28.029449938644355,1,,1719.2777777777776,,,1745.6726332371336,1745.6726332371336,2
Floral Park,-38.328582480361455,28.11179281630659,3,,1819.8611111111113,,,1771.3927831890333,1771.3927831890333,2
Floyd Bennett Field,-38.425659517968526,28.00790603666424,1,,1751.7777777777776,,,1734.8021133958634,1734.8021133958634,1
Flushing,-38.38515089140561,28.116450248809404,3,1787.6666666666667,1825.7222222222224,1791.3199500109959,1921.7488798697489,1761.4706527577364,1787.6666666666667,2
Flushing Meadows Corona Park,-38.39681533061955,28.108636570289434,3,,1879.9166666666667,,,1914.7180928330927,1914.7180928330927,3
Fordham,-38.424620895126395,28.194312782144877,0,1538.25,1552.1742424242423,1522.3743101083405,1533.979110827086,1543.4051988135323,1538.25,0
Forest Hills,-38.39930305496661,28.097128674048385,3,1950.25,1884.2222222222224,2064.2250286317467,1754.8346936209964,1891.2885724306554,1950.25,3
Forest Park,-38.41235029113823,28.08002436059859,3,,1719.1666666666667,,,1745.6726332371336,1745.6726332371336,2
Fort Greene,-38.4670279516849,28.07609862,1,3048.0,2835.277777777778,2791.7713249280428,2562.8368476167484,2894.212452300786,3048.0,4
Fort Hamilton,-38.49573939410686,28.023957177352948,1,,1634.5631313131314,,,1666.585380190797,1666.585380190797,0
Fort Wadsworth,-38.51038523008094,28.014423224706093,4,,1634.5631313131314,,,1666.585380190797,1666.585380190797,0
Fresh Meadows,-38.3675352813153,28.109444962289476,3,,1819.8611111111113,,,1771.3927831890333,1771.3927831890333,2
Freshkills Park,-38.57340878632636,28.000226702729545,4,,1889.324074074074,,,1914.7180928330927,1914.7180928330927,3
Gerritsen Beach,-38.44180279854018,28.009959137917413,1,,1752.3333333333333,,,1734.8021133958634,1734.8021133958634,1
Glen Oaks,-38.331992920000076,28.118770236665746,3,,1819.8611111111113,,,1771.3927831890333,1771.3927831890333,2
Glendale,-38.41646849749762,28.084835732171033,3,1707.6666666666667,1779.3055555555557,1686.0640855267727,1987.7205405071131,1688.2359139009136,1707.6666666666667,1
Governors Island,-38.48997858190186,28.074809808213644,2,,3073.638888888889,,,3049.836114117364,3049.836114117364,4
Gowanus,-38.474542743321074,28.066008928348527,1,2931.1666666666665,2745.2777777777774,2969.0845333443294,2440.3757778851123,2866.4448544973548,2931.1666666666665,4
Gramercy,-38.47226357624986,28.107459245690997,2,,3583.3611111111113,,,4098.976711729628,4098.976711729628,4
Graniteville,-38.561251300000045,28.026290970000076,4,,1634.5631313131314,,,1666.585380190797,1666.585380190797,0
Grant City,-38.535944475689014,27.999540401192927,4,,1889.324074074074,,,1914.7180928330927,1914.7180928330927,3
Gravesend,-38.471308512541725,28.01023076706879,1,1661.6666666666667,1801.5462962962963,1707.250253041299,2121.136015449323,1710.1869801186472,1661.6666666666667,0
Great Kills,-38.5594681001993,27.9815423727627,4,,1889.324074074074,,,1914.7180928330927,1914.7180928330927,3
Great Kills Park,-38.546093846282325,27.97486903701459,4,,1889.324074074074,,,1914.7180928330927,1914.7180928330927,3
Green-Wood Cemetery,-38.47545,28.04980806387009,1,,1939.0277777777776,,,1987.244138022471,1987.244138022471,3
Greenpoint,-38.45106689543067,28.10243624883134,1,2657.5,2972.1388888888887,2618.304994961713,2777.2524962168213,2759.50087381754,2657.5,4
Greenwich Village,-38.478325529539696,28.104664544807896,2,4011.0,3741.0,3902.79910270582,3719.1641637310604,4111.152108555025,4011.0,4
Grymes Hill,-38.529246600000036,28.024316880000033,4,,1634.5631313131314,,,1666.585380190797,1666.585380190797,0
Harlem,-38.45292974645648,28.162823876818518,2,,2450.4166666666665,,,2173.81872676706,2173.81872676706,3
Hart Island,-38.35995809812261,28.188293716224443,0,,1593.3333333333333,,,1599.9447558922557,1599.9447558922557,0
Hell's Kitchen,-38.477243771561405,28.126366517609394,2,,4045.75,,,4130.060045062962,4130.060045062962,4
Highbridge,-38.44227917929546,28.17739453344961,0,1659.2,1706.788888888889,1535.7627949568257,1515.9971813750617,1726.795975829726,1659.2,0
Hoffman Island,-38.50803571901162,27.999394495674444,4,,1889.324074074074,,,1914.7180928330927,1914.7180928330927,3
Hollis,-38.35911548826978,28.092019090315524,3,,1913.0025252525254,,,1945.607674177674,1945.607674177674,3
Hollis Hills,-38.35138760803732,28.105809139673777,3,,1819.8611111111113,,,1771.3927831890333,1771.3927831890333,2
Holliswood,-38.359555328137276,28.097329839542816,3,,1793.9722222222224,,,1746.84925986051,1746.84925986051,2
Howard Beach,-38.39548740543787,28.053474139601608,3,,1700.5277777777776,1638.794837720212,,1728.4341635401638,1728.4341635401638,1
Howland Hook,-38.574100577897184,28.03640797844928,4,,1637.7575757575758,,,1666.585380190797,1666.585380190797,0
Huguenot,-38.56776553397262,27.96690883406885,4,,1889.324074074074,,,1914.7180928330927,1914.7180928330927,3
Hunts Point,-38.41917824976429,28.15986212323871,0,,1743.6666666666667,,,1734.8021133958634,1734.8021133958634,1
Inwood,-38.44054284497311,28.19796096829698,2,1809.0,1671.7575757575758,1819.8916952984132,2041.0994232392252,1786.2159701779706,1809.0,2
Jackson Heights,-38.41523075228983,28.119240870000183,3,1829.4166666666667,1856.3055555555557,1886.7337757685716,1792.9463810678844,1891.2885724306554,1829.4166666666667,2
Jamaica,-38.37013544000007,28.07584194000017,3,2157.090909090909,1830.530303030303,2028.9807521934392,1819.0560072508817,1888.3117033429533,2157.090909090909,3
Jamaica Bay,-38.404978068002386,28.022183769312832,1,,1712.361111111111,,,1740.6819387926892,1740.6819387926892,2
Jamaica Estates,-38.371473946711305,28.096773780000063,3,,1889.030303030303,1827.267606908466,,1891.2885724306554,1891.2885724306554,2
Jamaica Hills,-38.37569350258974,28.092288587034353,3,,1773.25,,,1737.7014652477153,1737.7014652477153,2
John F. Kennedy International Airport,-38.37080968425108,28.043187637209797,3,,1839.0580808080806,,,1898.814918229918,1898.814918229918,2
Kensington,-38.468494223055345,28.040143788550186,1,1795.8333333333333,1988.7777777777776,1928.0691644342155,1980.4159530414681,1966.420665800249,1795.8333333333333,2
Kew Gardens,-38.39082548002021,28.089075551272977,3,1809.75,1714.75,1909.1448377202119,1666.7608820554638,1803.2695164742668,1809.75,2
Kew Gardens Hills,-38.38679053252331,28.10057873725797,3,1800.0,1773.25,1893.6656047439635,1679.0372393329508,1794.689168590669,1800.0,2
Kingsbridge,-38.42901287930371,28.204208189363897,0,1636.0,1577.611111111111,1662.8345202598946,1647.2714843106198,1588.5202465127463,1636.0,0
Kips Bay,-38.46867019817514,28.11105859272294,2,,3666.944444444444,,,4098.976711729628,4098.976711729628,4
LaGuardia Airport,-38.41357154225646,28.13481211363428,3,,1856.3055555555557,,,1914.7180928330927,1914.7180928330927,3
Latourette Park,-38.5530977,28.003231515,4,,1811.5185185185185,,,1739.0006619769122,1739.0006619769122,2
Laurelton,-38.3455384,28.066456905000216,3,,1830.530303030303,,,1908.3303980278981,1908.3303980278981,3
Liberty Island,-38.50347367030936,28.075975394430447,2,,3073.638888888889,,,3049.836114117364,3049.836114117364,4
Lighthouse Hill,-38.55243138085338,27.99592073963632,4,,1889.324074074074,,,1914.7180928330927,1914.7180928330927,3
Little Italy,-38.478535932130995,28.095976423367894,2,2747.75,2812.8611111111113,2802.2509545576727,,2963.755932539683,2747.75,4
Little Neck,-38.3405953950862,28.129553740640514,3,,1819.8611111111113,,,1771.3927831890333,1771.3927831890333,2
Long Island City,-38.44674682133653,28.11639483419421,3,3218.25,2743.277777777778,3163.502806409524,2093.601592221967,2901.5513624338632,3218.25,4
Longwood,-38.42837492000009,28.165776195000166,0,,1763.0,,,1734.8021133958634,1734.8021133958634,1
Lower East Side,-38.47177991092532,28.09447571746125,2,2948.6666666666665,2722.194444444445,2745.6139175206354,3580.5593909355275,2691.3218298059965,2948.6666666666665,4
Manhattan Beach,-38.45013657799293,27.99919442188059,1,,1918.074074074074,,,1945.607674177674,1945.607674177674,3
Marble Hill,-38.43383364308715,28.204162411197483,2,,1695.2575757575758,,,1740.6819387926892,1740.6819387926892,2
Marine Park,-38.4402632537733,28.014934059190878,1,,1690.138888888889,,,1740.6819387926892,1740.6819387926892,2
Mariners Harbor,-38.561750115885445,28.037237406066467,4,,1665.229797979798,,,1711.988332090749,1711.988332090749,1
Maspeth,-38.431755035283885,28.101822855000034,3,1654.888888888889,1829.0740740740741,1717.169122059981,2035.7888212161502,1741.9449607182942,1654.888888888889,0
Melrose,-38.43704570551841,28.166130510000094,0,,1814.2333333333333,1459.698709430053,,1733.256800865801,1733.256800865801,1
Middle Village,-38.41780677157291,28.095257926224903,3,1708.3333333333333,1755.3333333333333,,2005.9101112996063,1694.739828042328,1708.3333333333333,1
Midland Beach,-38.52848488796369,27.995502605262466,4,,1889.324074074074,,,1914.7180928330927,1914.7180928330927,3
Midtown,-38.46758546140841,28.120872380668175,2,3853.1666666666665,3742.472222222222,3990.9194730761906,4154.531180794532,4111.152108555025,3853.1666666666665,4
Midwood,-38.4593631064206,28.028183917209653,1,1708.5,1786.5277777777776,1724.4936242534202,2186.0545912476755,1704.9541325957991,1708.5,1
Mill Basin,-38.43476019235511,28.021620492349886,1,,1689.5833333333333,,,1740.6819387926892,1740.6819387926892,2
Morningside Heights,-38.46058444444642,28.15885170000014,2,3067.6666666666665,2826.527777777778,2976.9879915947095,2580.6556015865635,2912.1126992143663,3067.6666666666665,4
Morris Heights,-38.43722002594934,28.187193909928215,0,,1744.1464646464647,1600.1954830051855,,1722.554338143338,1722.554338143338,1
Morris Park,-38.40250453978005,28.186693891375686,0,1630.0,1616.6666666666667,1668.6316838457144,1691.9725423025855,1644.0807896424562,1630.0,0
Morrisania,-38.43086026,28.172136566933272,0,,1622.3999999999999,,,1660.0807589786757,1660.0807589786757,0
Mott Haven,-38.43671969606354,28.15989325500019,0,2175.5,1963.8611111111113,1914.1342735751325,1711.9486685827765,1974.436053005636,2175.5,3
Mount Eden,-38.43687120000003,28.180035432352458,0,,1706.788888888889,,,1740.6819387926892,1740.6819387926892,2
Mount Hope,-38.43171696000005,28.18594248234211,0,,1572.7575757575758,,,1595.5858525733524,1595.5858525733524,0
Murray Hill,-38.46722729250538,28.116065614707594,2,,3666.944444444445,,,4098.976711729628,4098.976711729628,4
Navy Yard,-38.465011,28.085315333391456,1,,3292.611111111111,,,3973.7786958566126,3973.7786958566126,4
Neponsit,-38.407925938182885,27.994698135974453,3,,1751.7777777777776,,,1734.8021133958634,1734.8021133958634,1
New Brighton,-38.52745499726232,28.042592463210184,4,,1665.229797979798,,,1711.988332090749,1711.988332090749,1
New Dorp,-38.539700111513476,27.994809843932146,4,,1889.324074074074,,,1914.7180928330927,1914.7180928330927,3
New Dorp Beach,-38.533935403494894,27.990879541460405,4,,1889.324074074074,,,1914.7180928330927,1914.7180928330927,3
New Springville,-38.562164180679055,28.002734370000137,4,,1811.5185185185185,,,1739.0006619769122,1739.0006619769122,2
NoHo,-38.47675754000004,28.101705405287788,2,,3411.027777777778,,,4039.750785803703,4039.750785803703,4
Nolita,-38.477471164720114,28.09836252110003,2,3347.5,2812.8611111111113,3443.5213249280428,3754.8284469048185,2782.642513227513,3347.5,4
North Brother Island,-38.4271359519521,28.15252232501881,0,,1929.6944444444446,,,1977.1811890886888,1977.1811890886888,3
North Riverdale,-38.43076343874899,28.226455222730777,0,,1721.8333333333333,,,1745.6726332371336,1745.6726332371336,2
Norwood,-38.41726216540867,28.20508633986658,0,1558.5833333333333,1556.5277777777776,1551.2573796357387,,1543.4051988135323,1558.5833333333333,0
Oakwood,-38.54103165692342,27.98527650763463,4,,1889.324074074074,,,1914.7180928330927,1914.7180928330927,3
Olinville,-38.41037067362687,28.206106362063302,0,,1561.1944444444443,,,1555.3709802388971,1555.3709802388971,0
Ozone Park,-38.40126424148853,28.068322320000185,3,,1700.5277777777776,,,1740.6819387926892,1740.6819387926892,2
Park Hill,-38.52076185416376,28.023321704744667,4,,1634.5631313131314,,,1666.585380190797,1666.585380190797,0
Park Slope,-38.469382422543234,28.06556990005965,1,2631.5,2722.0,2665.937991594709,2605.342981135378,2753.6525176366845,2631.5,4
Parkchester,-38.411006268402154,28.176591254999526,0,1545.0,1560.1666666666667,1482.3065941162965,1522.1336139396917,1546.1261864678531,1545.0,0
Pelham Bay,-38.39388954822245,28.186606496952788,0,1675.0,1616.6666666666667,1642.9967735751325,1697.1535070074333,1644.0807896424562,1675.0,1
Pelham Bay Park,-38.37240536413936,28.2010367052839,0,,1593.3333333333333,,,1599.9447558922557,1599.9447558922557,0
Pelham Gardens,-38.39789456921668,28.195618893060573,0,,1593.3333333333333,,,1599.9447558922557,1599.9447558922557,0
Pelham Islands,-38.366096134492025,28.195610109953925,0,,1593.3333333333333,,,1599.9447558922557,1599.9447558922557,0
Pleasant Plains,-38.598143882768234,27.95916535500012,4,,1889.324074074074,,,1914.7180928330927,1914.7180928330927,3
Plum Beach,-38.438590880206554,28.002897939439322,1,,1752.3333333333333,,,1734.8021133958634,1734.8021133958634,1
Port Ivory,-38.57285867108512,28.04352640978493,4,,1665.229797979798,,,1711.988332090749,1711.988332090749,1
Port Morris,-38.43372523120516,28.15538126561169,0,,1963.8611111111113,,,1987.244138022471,1987.244138022471,3
Port Richmond,-38.55144535604883,28.036816505104827,4,,1637.7575757575758,,,1666.585380190797,1666.585380190797,0
Prince's Bay,-38.5847787640154,27.960542433332378,4,,1889.324074074074,,,1914.7180928330927,1914.7180928330927,3
Prospect Heights,-38.46440690945223,28.067707055032024,1,2603.3333333333335,2545.6111111111113,2565.9375707192885,2544.232922224643,2698.3336022927692,2603.3333333333335,4
Prospect Park,-38.464788205995305,28.057543260428357,1,2402.0,2440.194444444445,2518.475028631746,2470.5094607552537,2203.694791581875,2402.0,4
Prospect-Lefferts Gardens,-38.45468901153766,28.054813845000055,1,,2111.6388888888887,,,2052.7892278092277,2052.7892278092277,3
Queens Village,-38.34780153121642,28.094767819511144,3,,1913.0025252525254,,,1945.607674177674,1945.607674177674,3
Randall Manor,-38.538243119999976,28.038863609109136,4,,1665.229797979798,,,1711.988332090749,1711.988332090749,1
Randall's Island,-38.440962169967776,28.14610700076107,2,,2080.416666666667,,,1987.244138022471,1987.244138022471,3
Red Hook,-38.48483911444818,28.06516534102062,1,2456.3333333333335,2686.8888888888887,2353.9785143391036,2959.6839876373606,2635.548161375662,2456.3333333333335,4
Rego Park,-38.408021340000005,28.099425953694038,3,1902.4166666666667,1853.6666666666667,1971.6297905365088,1706.628661242346,1891.2885724306554,1902.4166666666667,3
Richmond Hill,-38.39038061368679,28.07770632000004,3,1624.5,1725.25,1640.9294616234922,1942.8434817279383,1692.8921546416543,1624.5,0
Richmondtown,-38.548461748809025,27.993063114922457,4,,1889.324074074074,,,1914.7180928330927,1914.7180928330927,3
Ridgewood,-38.4319221770558,28.085014877329534,3,1921.9166666666667,2019.888888888889,2055.862860502787,2117.6491856923935,1966.420665800249,1921.9166666666667,3
Rikers Island,-38.418538229664,28.146516967221952,0,,1836.8055555555557,,,1898.814918229918,1898.814918229918,2
Riverdale,-38.433953959658325,28.216714602554248,0,1879.5,1721.8333333333333,1975.993547150265,1585.8262179845717,1803.2695164742668,1879.5,2
Rockaway Beach,-38.38021838468914,28.005789752628715,3,,1827.280303030303,,,1771.3927831890333,1771.3927831890333,2
Rockaway Park,-38.39256918825653,28.000925643720123,3,,1751.7777777777776,,,1734.8021133958634,1734.8021133958634,1
Roosevelt Island,-38.454421087422105,28.12521440941443,2,3101.1666666666665,3079.055555555555,3069.060129641848,3372.0473843347245,2874.046028138528,3101.1666666666665,4
Rosebank,-38.51747594810521,28.022922443320766,4,,1634.5631313131314,,,1666.585380190797,1666.585380190797,0
Rosedale,-38.345148276540186,28.05489054624016,3,,1839.0580808080806,,,1898.814918229918,1898.814918229918,2
Rossville,-38.58699754,27.98005269000013,4,,1889.324074074074,,,1914.7180928330927,1914.7180928330927,3
Schuylerville,-38.39296745446784,28.17735383416558,0,,1616.6666666666667,,,1651.7954559483728,1651.7954559483728,0
Sea Gate,-38.484022374889385,27.998034104458373,1,,1889.324074074074,,,1914.7180928330927,1914.7180928330927,3
Sheepshead Bay,-38.45222151605384,28.012136806857896,1,1700.25,1690.138888888889,1757.0861397428573,1760.3666364906107,1730.1359156645824,1700.25,1
Shore Acres,-38.5146559713088,28.01946960757464,4,,1634.5631313131314,,,1666.585380190797,1666.585380190797,0
Silver Lake,-38.53117788000003,28.030667640000075,4,,1637.7575757575758,,,1666.585380190797,1666.585380190797,0
SoHo,-38.4827558163886,28.099494017748526,2,,3680.861111111111,,,4130.060045062962,4130.060045062962,4
Soundview,-38.41313696316878,28.16974931083085,0,1505.5,1533.5,1553.7052191992498,1684.3333622549071,1543.4051988135323,1505.5,0
South Beach,-38.52430298389164,28.005347734502344,4,,1811.5185185185185,,,1739.0006619769122,1739.0006619769122,2
South Brother Island,-38.42695469753721,28.149499579725273,0,,2080.416666666667,,,1987.244138022471,1987.244138022471,3
South Ozone Park,-38.38251716000001,28.064257073510458,3,,1830.530303030303,,,1908.3303980278981,1908.3303980278981,3
South Slope,-38.47216074000008,28.058630259822614,1,,2654.8888888888887,,,2775.821402116402,2775.821402116402,4
Springfield Gardens,-38.359221513936916,28.062802238375482,3,,1830.530303030303,,,1908.3303980278981,1908.3303980278981,3
Spuyten Duyvil,-38.437159871274616,28.20801247671807,0,,1774.8333333333333,,,1737.7014652477153,1737.7014652477153,2
St. Albans,-38.35761514,28.080932627529332,3,,1830.530303030303,,,1908.3303980278981,1908.3303980278981,3
St. George,-38.52148098909459,28.04319671083216,4,,1665.229797979798,,,1711.988332090749,1711.988332090749,1
Stapleton,-38.519871549157706,28.035025310499268,4,,1637.7575757575758,,,1666.585380190797,1666.585380190797,0
Stuyvesant Town,-38.468034750451835,28.104947260142477,2,,3278.0833333333335,,,3973.7786958566126,3973.7786958566126,4
Sunnyside,-38.43905053676653,28.109843760000086,3,1910.4166666666667,2261.185185185185,1997.6787323354501,1838.9129979015895,2181.653402692986,1910.4166666666667,3
Sunset Park,-38.486236231227544,28.049996350678004,1,1706.0,2159.194444444445,1763.0509545576724,2240.239486010454,2045.331061423145,1706.0,1
Theater District,-38.47214296704635,28.12361365893794,2,,3742.472222222222,,,4130.060045062962,4130.060045062962,4
Throgs Neck,-38.384338398378524,28.165809163466324,0,,1576.8333333333333,,,1595.5858525733524,1595.5858525733524,0
Todt Hill,-38.53543693999996,28.01012703000019,4,,1658.027777777778,,,1711.988332090749,1711.988332090749,1
Tompkinsville,-38.52556474,28.033945140000057,4,,1637.7575757575758,,,1666.585380190797,1666.585380190797,0
Tottenville,-38.60107585441965,27.95100748072618,4,,1889.324074074074,,,1914.7180928330927,1914.7180928330927,3
Tremont,-38.42466452576491,28.18320829900425,0,1600.0,1562.0833333333333,1564.2926069084658,,1560.519241622575,1600.0,0
Tribeca,-38.48475170916179,28.09580502000007,2,4947.333333333333,3346.1388888888887,4687.095399002117,4250.736145602578,3926.6909445338615,4947.333333333333,4
Two Bridges,-38.47876106308045,28.090291932762174,2,,3046.6666666666665,,,3049.836114117364,3049.836114117364,4
Unionport,-38.401950576613956,28.173698078627172,0,,1575.0,,,1595.5858525733524,1595.5858525733524,0
University Heights,-38.43323249696078,28.192129342902582,0,1570.2727272727273,1639.1742424242423,1536.199186708889,1641.1522959220747,1664.1409809603977,1570.2727272727273,0
Upper East Side,-38.45790463436814,28.13341140889047,2,2917.75,3107.5833333333335,2994.3546582613762,3380.197858516254,2944.0036824595154,2917.75,4
Upper West Side,-38.4681955330282,28.14279867186751,2,3303.8333333333335,3358.25,3298.5213249280428,3393.7483844084336,4020.8428492957664,3303.8333333333335,4
Van Cortlandt Park,-38.419566788576724,28.21900396617573,0,,1696.0277777777776,,,1740.6819387926892,1740.6819387926892,2
Van Nest,-38.40972964472682,28.18358318753916,0,,1591.6666666666667,,,1599.9447558922557,1599.9447558922557,0
Vinegar Hill,-38.47108543153272,28.084453472439154,1,,3503.361111111111,,,4098.976711729628,4098.976711729628,4
Wakefield,-38.40319379490557,28.218461376565035,0,,1561.1944444444443,1587.0341193688218,,1552.8520408449576,1552.8520408449576,0
Washington Heights,-38.44685468674343,28.18294691665819,2,1853.1666666666667,1706.788888888889,1926.0213249280428,2296.9366408752303,1788.822451659452,1853.1666666666667,2
West Brighton,-38.538009900000034,28.033130595000056,4,,1637.7575757575758,,,1666.585380190797,1666.585380190797,0
West Farms,-38.41655584170211,28.18124668500007,0,,1564.3333333333333,,,1563.0381810165143,1563.0381810165143,0
West Village,-38.482908800542674,28.107393167135307,2,3864.5,4049.5277777777774,3775.725028631746,3679.0771086892937,4111.152108555025,3864.5,4
Westchester Square,-38.400527334390496,28.180401250196795,0,,1616.6666666666667,,,1651.7954559483728,1651.7954559483728,0
Westerleigh,-38.5519524,28.026674265000054,4,,1634.5631313131314,,,1666.585380190797,1666.585380190797,0
Whitestone,-38.38247149983704,28.14338088687582,3,,1736.527777777778,,,1735.2590816498318,1735.2590816498318,1
Williamsbridge,-38.404718805550694,28.205552970000138,0,1475.0,1561.1944444444443,1531.794837720212,1675.999107658872,1552.8520408449576,1475.0,0
Williamsburg,-38.45159227837859,28.09103332500008,1,3040.6666666666665,2639.972222222222,3187.475028631746,2437.9351945957214,2782.26962962963,3040.6666666666665,4
Willowbrook,-38.5523112,28.01459478000016,4,,1634.5631313131314,,,1666.585380190797,1666.585380190797,0
Windsor Terrace,-38.46955454021983,28.05140549537691,1,2315.25,2171.027777777778,2302.4856106423285,2347.8208248198944,2119.2043506647674,2315.25,4
Woodhaven,-38.405554271364515,28.077475646310535,3,1741.5,1691.2222222222224,1793.5127949568257,1907.728150683914,1752.9132148468816,1741.5,2
Woodlawn,-38.41229774320813,28.215132895602036,0,1650.0,1561.1944444444443,,,1555.3709802388971,1650.0,0
Woodrow,-38.584281059999995,27.973605910361226,4,,1889.324074074074,,,1914.7180928330927,1914.7180928330927,3
Woodside,-38.42884791517754,28.116392064743316,3,1783.5833333333333,1841.138888888889,1867.973260782963,1825.1900138605029,1867.370010622094,1783.5833333333333,2
